restaurant,pictures?
/chain/ct3kr/phil-s-burger,true
/restaurant/ju6a/sayasushi,true
/restaurant/s3tr/saffran,true
/restaurant/s8hu/itamae-thai,true
/restaurant/s9wo/bollywood-bar,true
/restaurant/s8jx/east-india,true
/restaurant/s1ji/indian-stories,true
/chain/cb1gh/mae-thai,true
/restaurant/s4yo/itamae-izakaya,true
/restaurant/s5lf/itamae-sushi,true
/restaurant/s7nb/pizzeria-corella,true
/restaurant/s3cn/blixtens-pizzeria,true
/restaurant/s5dr/al-forno-italiano-pershagen,true
/restaurant/s1eu/kristall,true
/restaurant/s1in/krishna,true
/restaurant/s4li/kista-pizzahornet,true
/restaurant/s1ir/u-s-pizza-vendor,true
/restaurant/s9zw/yan-restaurang,true
/restaurant/s2eq/mamma-rosa,true
/restaurant/s0gs/tomodachi-sushi,true
/restaurant/s1ta/marinas-pizzeria,true
/restaurant/s0iu/la-tonteria,true
/restaurant/s9ll/tiflisi-restaurang-grill,true
/restaurant/s8lj/the-italian-cousins-sodermalm,true
/restaurant/s6tk/naruto-sushi,true
/restaurant/s7ia/ninas-salladscafe,true
/chain/cc2fk/mukut,true
/restaurant/s4rk/thai-smak,true
/restaurant/s8fg/nya-pizza-express-akalla,true
/restaurant/s2cw/olivias-krog,true
/restaurant/s5zh/pars-restaurang,true
/restaurant/s8ch/peshwar-indisk-restaurang,true
/restaurant/s0yj/grone-riddaren,true
/restaurant/s6yr/tapco-pizzeria,true
/restaurant/s9lh/oleriet,true
/restaurant/s7wp/lett-centralplan,true
/restaurant/s1lx/phuket-island,true
/restaurant/s4xz/pickwick,true
/restaurant/s1sb/golden-curry,true
/restaurant/s6tq/subway-hammarby-sjostad,true
/restaurant/s3ok/pizzeria-palermo-tyreso,true
/restaurant/s2ma/vallento-pasta-pizza-vegan,true
/restaurant/s8cl/snabbpizza-i-hagersten,true
/restaurant/s1mq/feyruz,true
/restaurant/s4ni/sibylla-sankt-eriksplan,true
/restaurant/s6qr/fast-and-tasty,true
/restaurant/s9pm/pizzeria-sigma,true
/restaurant/s7mn/pizzeria-sagen,true
/restaurant/s9al/ekmyran-kolgrill,true
/restaurant/s3lc/eden-garden,true
/restaurant/s3vx/dizin-persian-food,true
/restaurant/s3zl/red-corner,true
/restaurant/s5pr/dalparkens-grill-och-sushi,true
/restaurant/s5xu/apertivo-italiana,true
/restaurant/s5tp/rosenlunds-pizza,true
/restaurant/s1cn/romri-bar-och-restaurang,true
/restaurant/s6ks/restaurang-arya,true
/restaurant/s8bq/alltid-vegan,true
/restaurant/s3nu/alle-pizzeria,true
/restaurant/s8fp/rome-restaurang-pizzeria,true
/restaurant/s5ua/romanista-pizzeria-kolgrill,true
/restaurant/s5im/lett-regeringsgatan,true
/restaurant/s7un/rogers-grill-kebab,true
/restaurant/s5mm/erssons,true
/restaurant/s0nx/brodernas-liljeholmskajen,true
/restaurant/s8ta/restaurang-sallys,true
/restaurant/s8fl/hamburger-hill,true
/restaurant/s3bg/globen-foodcourt,true
/restaurant/s2nd/pizza-royal,true
/restaurant/s7ti/indian-rama,true
/restaurant/s4un/grekisk-fastfood,true
/restaurant/s5yn/izakaya-ninja,true
/restaurant/s7bk/khushi-corner,true
/restaurant/s9ng/barranco-hornhuset,true
/restaurant/s5sm/mizu-sushi-vendor,true
/restaurant/s2up/royal-india,true
/restaurant/s1ss/o-mamma-mia,true
/restaurant/s6xm/mk-sushi,true
/restaurant/s2za/dolce-vita,true
/restaurant/s2am/styrmans-sushi-vendor,true
/restaurant/s6kn/bamboo-garden,true
/restaurant/s0dd/elie-s-kok-och-bar,true
/restaurant/s1ub/indian-palace-vendor,true
/restaurant/s1ve/shanti-ultimat,true
/restaurant/s6de/vanadis-sushi-bar,true
/restaurant/s6gf/jacobs-cafe-bar,true
/restaurant/s0yp/buona-sera,true
/restaurant/s7es/grappa-matsal-bar,true
/restaurant/s7ex/yoku-sushi-fridhemsplan,true
/restaurant/s6gs/grilloversten,true
/restaurant/s8jm/don-pato,true
/restaurant/s2gq/hasselby-wardshus,true
/restaurant/s6nn/oh-mamma-mia,true
/restaurant/s8ww/shanti-touch-of-bengal,true
/restaurant/s9qb/curry-spice-city,true
/restaurant/s5mx/pizzeria-verona-restaurang,true
/chain/cw1gq/burger-king,true
/restaurant/s9bj/texas-longhorn-hornsberg,true
/restaurant/s0hq/slice-of-new-york,true
/restaurant/s4rq/hot-little-india,true
/restaurant/s9hf/bores-gatukok-sveavagen,true
/restaurant/s0ci/usa-pizza-express-popular-soder-danvikstull,true
/restaurant/s6uk/enzos-hornhuset,true
/restaurant/s0iw/mumbai-garden,true
/restaurant/s4rg/reload-sveavagen,true
/restaurant/s1hg/rockin-grill,true
/restaurant/s4mj/shanti-culture-club,true
/restaurant/s4ye/ryttarbaren-indisk-restaurang,true
/restaurant/s7et/texas-longhorn-lovangsgatan,true
/restaurant/s9gy/the-border-soder,true
/restaurant/s6xd/little-india,true
/restaurant/s8ge/dell-attore,true
/restaurant/s3su/the-border-kungsholmen,true
/restaurant/s9nx/makoto-bento,true
/restaurant/s3ug/yours-sushi-thai,true
/restaurant/s8ii/uttrans-pizzeria,true
/restaurant/s6tu/shanti-gossip,true
/restaurant/s0rj/il-forno-uno-atlasgatan,true
/restaurant/s6hj/vero-pasta-och-pizza,true
/restaurant/s0bg/indiska-kallaren,true
/restaurant/s9ga/cyclo-deli-sveavagen,true
/restaurant/s6ww/pizzeria-soder,true
/restaurant/s9gq/vinsta-hornet,true
/restaurant/s8wo/khushi-restaurant,true
/restaurant/s0jl/subway-sankt-goran,true
/restaurant/s2iv/1889-pizza,true
/restaurant/s4xy/indian-curry-house,true
/restaurant/s8cw/ostermalmsgrillen,true
/restaurant/s2et/lemongrass,true
/restaurant/s1bm/eatery-social,true
/restaurant/s3bt/bistro-bon-sofo-inaktiva,true
/restaurant/s7li/nonni-sushi-solna,true
/restaurant/s9pd/resturang-lagan,true
/restaurant/s7lw/litani-lebanese-kitchen,true
/restaurant/s3ko/3-star-indisk,true
/restaurant/s6bs/indian-plaza,true
/restaurant/s6mv/gotagrillen,true
/restaurant/s9pv/hamnen-kok-bar,true
/restaurant/s0og/sushi-kenko,true
/restaurant/s2ab/zio-s-pasta,true
/restaurant/s4vt/restaurang-gardet,true
/restaurant/s5yf/pizza-express-city,true
/restaurant/s8aj/tinos-pizzeria,true
/restaurant/s0rn/lilla-capri,true
/restaurant/s5pk/taco-bar-hammarby-sjostad,true
/restaurant/s8ik/henkes-grill,true
/restaurant/s6ap/restaurang-eateast,true
/restaurant/s0ay/italiana,true
/restaurant/s8hy/restaurang-lagan-hantverkargatan,true
/chain/cx2iw/noodle-mama,true
/restaurant/s3gt/kuma-sushi,true
/restaurant/s2re/aroti-indian-restaurant,true
/restaurant/s7wf/ristorante-da-peppe,true
/restaurant/s9jb/il-ponte,true
/restaurant/s4mg/lo-scudetto-restaurang-ab,true
/restaurant/s3wk/tavernina,true
/restaurant/s9ti/thaitastic,true
/restaurant/s4pv/ringens-grill-kebab,true
/restaurant/s8xe/oishii-sushi-thai-gardet,true
/restaurant/s6ph/la-bergerie,true
/chain/co4fb/snack-bar,true
/restaurant/s6ud/lin-sallad-sushi,true
/restaurant/s3mf/lindhagens-pizza-sallad,true
/restaurant/s6es/la-nonna,true
/restaurant/s9on/ljunggren,true
/restaurant/s5rj/panini-kungshallen,true
/restaurant/s4ls/lokal-izakaya,true
/restaurant/s0wi/malmo-k25,true
/restaurant/s5je/kottmastarn,true
/restaurant/s9nn/formosa,true
/restaurant/s9yk/mahalo-odengatan,true
/restaurant/s1vc/katarina-olkafe,true
/restaurant/s9gt/mama-kungsgatan,true
/restaurant/s9ws/kale-crave,true
/restaurant/s7wz/bra-mat,true
/restaurant/s2li/maxigrillen-gotgatan,true
/chain/cc7dm/jureskogs,true
/restaurant/s1lv/mumbai-dreams,true
/restaurant/s2il/pasta-gudfadern,true
/restaurant/s7ou/korea-house,true
/restaurant/s1ix/naked-fish-sushi-bar,true
/restaurant/s5ms/indian-king,true
/chain/cr7eq/cumin-club,true
/chain/cx1aq/indian-garden,true
/restaurant/s8hq/indian-desi-tarka,true
/restaurant/s8bj/il-picchio,true
/restaurant/s7aw/il-conte-sjostaden,true
/restaurant/s1dz/nyko-kitchen,true
/restaurant/s2qy/subway-fleminggatan,true
/chain/cv9zg/subway-uppsala,true
/chain/ce2lq/maharajah,true
/chain/cb8xo/hemmakvall,true
/restaurant/s3sv/vigarda-vasagatan,true
/restaurant/s9oh/burgers,true
/restaurant/s2fp/burgers-beer-odengatan,true
/restaurant/s6mm/crispy-pizza-bistro,true
/restaurant/s2gp/gunnars-pizzeria,true
/restaurant/s6ev/grill-ruby,true
/restaurant/s0ls/sibiriens-soppkok,true
